id;nome;cpf;rg;data_nasc;sexo;mae;pai;email;cep;endereco;numero;bairro;cidade;estado;telefone_fixo;celular;altura;peso;tipo_sanguineo
1;reboot Handmade Rubber Towels;sky blue RAM;Rhode Island;Borders;hard drive Borders;green SCSI;Clothing Credit Card Account Drives;Ivory_Hermiston53@yahoo.com;Concrete matrix multi-byte;Program bypass transmitting;39318;copying Brand;applications;index;withdrawal Games;Lithuanian Litas Auto Loan Account Sudanese Pound;8649;94043;efficient primary
2;Ergonomic orange;white tan Global;Unbranded Concrete Chicken Investment Account mobile;red action-items Lempira;seamless;Direct;national;Verna74@yahoo.com;Cambridgeshire primary EXE;circuit;62850;Checking Account Georgia;Practical withdrawal Strategist;virtual payment invoice;visualize Awesome Wooden Bacon Organized;Borders;69755;5749;Soap
3;Integrated Wyoming New Hampshire;Practical Plastic Car New York Rubber;transmitter Specialist 1080p;Shoes Visionary Bedfordshire;convergence Communications;Hungary drive;virtual;Arvid_Roberts35@yahoo.com;1080p;full-range;20125;Practical;optimize Investment Account;Comoro Franc navigating Supervisor;Vision-oriented Cambridgeshire;quantifying methodical;15434;38436;US Dollar
4;Chair;foreground;Borders;enterprise systems Consultant;Soft Senior;Fantastic Plastic Shoes Kenyan Shilling;neural Web;Hillary86@hotmail.com;Lights back-end;implementation Credit Card Account Principal;30887;Berkshire Keyboard interfaces;algorithm world-class Washington;Exclusive Money Market Account USB;Afghani;Senior Home Loan Account Metal;34337;67637;Progressive
5;Squares;microchip exploit Fantastic;deposit;Global executive;TCP;Web Manager e-markets;Administrator Plastic impactful;Lilly.Berge@hotmail.com;plum;online Fresh Borders;7375;Gorgeous back up Granite;Sports Officer Central;Operations Dobra firmware;Tuvalu;Checking Account;83568;94398;Kids
6;deliver;Tasty Concrete Shoes;Personal Loan Account logistical Zimbabwe Dollar;Global circuit Home Loan Account;next generation Checking Account;Avon bottom-line Outdoors;Fiji Dollar payment;Lue27@gmail.com;Awesome Soft Towels Lead Chips;monitor Generic Granite Car;86401;Specialist Kentucky Afghanistan;hack;Producer black;Avon French Southern Territories;Tools back up;8620;56550;Montana back-end
7;microchip Small Delaware;calculate payment Riel;high-level invoice;aggregate Gabon;Quality-focused;generate Egyptian Pound Wooden;brand online override;Lily68@yahoo.com;Buckinghamshire CSS input;deposit;43601;monitor national;teal Uganda matrix;redundant Technician system;Mission Corporate;Consultant;45682;41295;Borders haptic
8;Consultant Texas;dynamic maroon;drive Handcrafted Steel Soap payment;Rustic Steel Bike Cambridgeshire;FTP;New Israeli Sheqel;generate Vietnam Central;Keith33@hotmail.com;Shoal optimizing Forest;brand;84252;Tasty;CSS Central;Towels Maryland Texas;architecture Hills;24/7 generating;43961;5837;ability implement UAE Dirham
9;Incredible 1080p;Intelligent Cotton Shoes Unbranded Plastic Table;Personal Loan Account index De-engineered;Producer overriding reboot;Marshall Islands;South Carolina;circuit Rustic Developer;Jade_Jacobi94@gmail.com;Polarised Supervisor e-tailers;Leone;49209;hacking Salad Games;Arkansas;International azure Refined;Administrator Regional;Iowa;22153;27517;monitoring reboot
10;Investment Account Compatible;secondary;Incredible Rubber Chair Practical Tactics;Chicken killer encryption;Executive Tunisian Dinar;Practical hacking Product;Down-sized Usability invoice;Bud.Considine@hotmail.com;District Expanded;teal Cotton;40794;bus;parallelism port;online;deposit viral;Brand;21567;46308;quantify zero administration sexy
